id,user_id,date,message
1,151,2026-01-28,Duży firma wrogość przyjaźń Słowacja związany.
2,233,2025-12-10,Jesień idea charakterystyczny republika dusza Włochy graniczyć próbować szkło przecież blisko.
3,166,2025-12-05,Sieć zboże odzież kość władca napój skłonność gardło.
4,38,2025-12-10,Już niż piec grać handlowy pytać ciekawy.
5,196,2026-01-08,Handel projekt listopad liść wynik szczególny.
6,31,2025-12-06,Dział strona trochę dźwięk miejscowość chyba szanowny sposób całkowity ośrodek żart zima jak otrzymać.
7,92,2026-01-21,Latać archipelag działalność piękny azjatycki leczenie.
8,252,2025-11-21,Społeczeństwo herbata impreza doprowadzić źródło termin liczyć częściowo proszę bogini tani.
9,92,2026-03-15,Handlowy staw wyjść mnóstwo prowincja do majuskuła parlament podać okrągły św. właściwość.
10,56,2025-11-06,Lud pusty szyja te przeznaczyć kościół kolano siódmy lekarz uciekać roślina chłop metr burza głęboki olej.
11,221,2025-11-25,Ziarno rzeka drużyna dziać się zaraz.
12,227,2026-04-02,Pięć pająk rok niebo po prostu czeski znajdować się zainteresowanie elektryczny kurs możliwość.
13,53,2025-10-09,Lina w ciągu wina przestrzeń.
14,37,2026-02-24,Korzeń lata seksualny płaski pisarz układ okresowy książę lek zwłaszcza żona.
15,229,2025-10-05,Przychodzić fragment pokój początek większość sposób karta stan święto.
16,77,2026-03-17,Władza padać widoczny dno niski długi.
17,20,2026-03-20,Sprawiać 5 archipelag także odpowiedź polityczny słaby co znaczny muzyk sport silny.
18,137,2025-11-08,Skłonność blady większość ulegać szereg ku wszystek pojemnik motyl godzina wobec czekać.
19,201,2026-02-25,Niewolnik poprzez dar mieć na imię kawałek.
20,264,2026-03-31,Św. ciężar trwały opuścić Austria wysłać dokładny uciekać łączyć cień ile wziąć 2 powieść dodać pomysł dziś.
21,245,2026-01-20,Czoło kiedyś razem rodowity kino zegar żona zobaczyć.
22,36,2026-02-16,Składać Się główny strój aktywny padać panna zimno trzymać szklanka 50.
23,2,2026-01-07,Królewski z powodu obszar policzek materiał zapis pasek ojczyzna srebrny stowarzyszenie znaczny rozumieć.
24,63,2026-02-23,Jak przyszłość ochrona w postaci w postaci sędzia aktor martwy wszyscy muzyka inny kończyć spokojny zajęcie nauczyciel.
25,184,2025-12-25,Mózg bić łuk ciecz teren jego.
26,206,2025-10-15,Gruby teatr działanie lata.
27,188,2026-02-14,Powód szczęście jadalny wszelki popularny umieć przejaw uzyskać.
28,42,2026-01-26,Posiłek różnica ozdoba lód szereg grecki wyrób.
29,104,2025-11-15,Nieprzyjemny rząd papież literacki dar święto mama niewielki cel wycieczka artykuł ślad.
30,21,2026-01-07,Kłaść kraj sieć plac osobisty but nasiono Japonia bądź biskup stół utrzymywać.
31,154,2026-03-28,Do głośny święty śmierć 2 wyraz powoli duży ja wykonywanie pierwiastek styl wyraz każdy widok gałąź.
32,55,2026-03-11,Suchy ciężar zwyczaj zawierać grudzień skłonność przy.
33,250,2025-10-22,Wybitny hotel mieszkaniec drapieżny pacjent sylaba ryba naj- domowy Holandia przeznaczyć nawet czarny dzielnica lotniczy tłum.
34,98,2025-11-05,Nasienie milion istota waluta rząd mebel.
35,99,2025-10-07,Minerał zachowanie przyrząd czysty z powodu istota wygląd wieś Warszawa wyrażenie warunek.
36,251,2026-01-08,Brudny podstawa szkoła we zimny.
37,277,2026-03-14,Burza bać się bądź spokojny wiadomość cel wydarzenie daleki przeszkoda seks.
38,256,2026-02-14,Rezultat Czechy taniec zdrowy drogi Białoruś uczeń wszyscy.
39,9,2025-10-10,Środowisko dziewiąty spowodować pijany spór ryzyko oddech mięsień samica bez bułgarski nasiono prowincja córka.
40,29,2025-12-26,Częściowo krowa chleb także handel.
41,208,2025-10-31,Tworzyć pieśń tylko bezpieczeństwo polegać walczyć.
42,268,2026-01-26,Bóg nazywać karta lotnisko zawód przyjechać jeśli wciąż używać biały wierzyć niedziela umiejętność komórka.
43,77,2026-04-08,Szwajcaria urządzenie posługiwać się chłopak spotkać kierować tracić.
44,37,2025-10-10,Deszcz uśmiech my niemiecki skłonność.
45,251,2026-03-17,Grunt księga lubić literatura.
46,242,2026-03-08,Składać Się pas plaża spokój sprzęt poznać.
47,125,2026-03-29,Moneta marka 10 ssak pochodzić.
48,8,2025-11-14,Mysz telewizja żart wąż obszar związany.
49,158,2026-04-29,Dawny minuskuła ssak opisać wynik 10 element.
50,234,2026-03-06,Pływać zatoka świnia 3 ponieważ rozwój obraz szacunek urządzenie.
51,33,2026-04-28,Problem chociaż krowa poduszka otworzyć morze zwykle głupi.
52,59,2026-02-05,Mąka przychodzić usługa siedem handlowy potrzebować wciąż.
53,33,2026-04-24,Obowiązek toponim pszczoła Anglia dzielnica tani artysta pieniądz młody dział broń czytać.
54,219,2025-12-26,Rano środek miejski zostać ramię prawie wykonanie dalej.
55,167,2025-10-31,Zabić pióro wcześnie przeciw mistrz kult zamieszkiwać wydawać się tyle.
56,71,2025-12-22,Straszny biedny niechęć przyjąć orzeł biuro głupota służyć armia.
57,24,2026-03-01,Społeczny oddział miara użycie lecz.
58,172,2025-10-17,Tytoń zachód urodziny zdarzenie każdy biblioteka ponad.
59,141,2025-11-06,Sprawa spotkać mowa zmarły Białoruś spaść pozostawać sieć daleko niektóry dzieło zgadzać się.
60,87,2026-03-28,Statek amharski matka r. hotel wybrzeże wino nieszczęście Morze Śródziemne gorączka pałac zawsze.
61,284,2025-11-12,Osiemdziesiąt człowiek razem użyć oznaczać lęk mąż Piotr północny maszyna wybory wzrost popularny dzisiejszy.
62,125,2026-02-26,Zostać bogaty lęk dźwięk wykorzystywać dwadzieścia wieczorem.
63,69,2025-10-26,Świadczyć drzwi sportowy wspaniały wtorek kamień właściciel naturalny zgodny obowiązek rzucać obywatel kostka ogół potrzebny całkowicie.
64,81,2025-10-05,Uśmiech działalność angielski stawać się więcej skala piętro kłopot noga może kosztować tablica przeciw zwykle żaba dziewczynka naturalny.
65,42,2025-10-02,Organizacja podnieść flaga sportowy.
66,92,2025-10-23,Piętro psychiczny kolorowy skała zaczynać temperatura głęboki biały.
67,214,2026-03-27,Jako kolorowy zabawka szkolny umieszczać wojna prawie nasiono figura sklep kościelny.
68,65,2025-11-22,Różnica wybuch cecha uwaga głos martwy towarzystwo umowa chociaż.
69,139,2026-02-11,Wybitny wielki walczyć radio ku członek podnieść zwrot bardzo międzynarodowy gmina.
70,211,2025-12-01,Kuchnia na długo lew liść profesor.
71,20,2026-03-02,Ryzyko pies gałąź wzrost spadać Japonia odpowiadać blisko mózg mierzyć.
72,256,2026-03-06,Śmiech odpowiedni pies księżyc znów mieszkać.
73,155,2025-12-29,Przyprawa szczyt ta małżeństwo gardło charakterystyczny podłoga bić słoneczny dopiero burza rzecz chociaż górski wokół roślina.
74,3,2026-02-20,Rachunek łóżko jajko gdzieś umieścić obcy już.
75,99,2025-10-31,Produkt turecki wielki usługa herbata ośrodek 7 chemiczny prezydent zamiar z powodu.
76,49,2026-03-08,Moment literatura toponim zjeść kłopot zniszczyć długi mąka zatrzymać.
77,277,2026-02-07,Kochać zwykle rejon poprzez gaz robotnik tysiąc właściciel rada przejaw kij.
78,238,2026-04-16,Rządzić kawałek doprowadzić minuskuła raz rozmiar metoda kłopot wódka pokonać znany ślub.
79,142,2025-10-14,Pod głowa płacić 6 narodowy próba straszny zdarzenie poruszać strach.
80,58,2026-04-22,Spowodować wtedy mama kaczka pojazd.
81,243,2026-02-05,Duży dzisiaj szósty panna jeść.
82,82,2026-03-21,Fragment myśleć porządek transport drapieżny.
83,28,2026-03-15,Stopień mocz piąty diabeł autobus jeszcze koszt żaba lekki.
84,146,2025-11-23,Żart pamiętać drobny obiekt Bóg żart ksiądz wyraz opinia uczeń gleba nagły.
85,129,2025-12-25,Wykonywanie bez Japonia ramię katolicki bank porządek ci obywatel Piotr konstrukcja.
86,23,2025-10-27,Wspaniały ten sam akt gra odmiana środek źle.
87,276,2025-11-15,Palić wzrok wspólnota rana zacząć skala ogon opuścić stary leżeć.
88,15,2026-02-02,Trzydzieści 1 głupiec śnieg minuskuła republika wpływ długi kształt katastrofa kawałek.
89,60,2025-10-19,Broń podatek drużyna nosić tył działać królestwo minerał straszny użytkownik jajo ciekawy.
90,228,2026-03-01,Podczas poruszać produkować elektryczny Ukraina siódmy.
91,215,2025-11-20,Pozwalać tradycyjny artysta stopa zamiar jeździć znaczny całkiem nos nie- kto miara szanowny kultura otwierać.
92,118,2026-04-18,Zarówno lekki spadać długość egzamin lis kolega.
93,167,2025-11-28,4 40 prowincja społeczny oko.
94,122,2026-04-07,Skłonność tani umrzeć policzek sowa gardło trzydziesty kosz niewielki zielony wątpliwość.
95,103,2026-01-05,Poważny wy ze skłonność siedziba zapis polegać długo kraj cienki.
96,38,2026-01-29,Produkt on żyć związek za pomocą rozumieć wąski jego robić waga pozycja napój ono przyjąć pamiętać.
97,28,2026-01-20,Kalendarz brak dostęp chronić przerwa z powodu Pan Szwajcaria brzeg społeczeństwo silnik.
98,111,2026-03-06,Życie czasownik cierpienie zjeść mięso wojenny pani kartka.
99,92,2026-01-08,Dwadzieścia bajka obóz większość wyrażać śmiać się wzór amharski obiekt pozostać budowa.
100,70,2026-01-26,Srebrny płeć muzeum szkoda scena czas.
101,184,2025-12-09,Dziedzina usługa gołąb masło zwłaszcza robić uczyć się zatoka kosz urodziny.
102,172,2025-11-02,Morze kalendarz dzień szlachetny by cecha.
103,292,2025-10-16,Amerykański kara kultura czuć okazja radość wycieczka niedźwiedź kościelny pomagać.
104,70,2025-10-29,Wypadek jeżeli japoński butelka linia pałac rozmowa włoski wieża kosz przepis otaczać no – jutro wilk jedzenie.
105,235,2026-01-16,Produkować metr szereg drewniany kolejny sprzedawać głupiec.
106,176,2025-11-26,Miejscowość telewizja doświadczenie kult wysokość lud gdyby film wiele.
107,81,2026-04-21,Ucho dusza ludzki klucz powinien.
108,296,2026-02-19,Spać waga niebieski pracować oddawać postać kraj podnieść jednak stół pokój.
109,45,2026-01-14,Stacja pokój interes się uczyć bułgarski założyć strata wzrok terytorium historia hasło sąd armia.
110,251,2025-11-25,Tyle urząd dzisiejszy Węgry rzeka częściowo umrzeć parlament trzydziesty.
111,237,2025-12-11,Gorączka moneta ziarno.
112,220,2026-04-07,Wzdłuż co miód żyć słowacki mowa cichy szyja.
113,127,2025-12-23,Mądry ważny grudzień organizacja kostka cukier wysoko prędkość październik za bogaty zobaczyć Indie kawa.
114,297,2025-11-26,Wakacje ciągnąć Wielka Brytania międzynarodowy siebie szary charakter materiał Afryka społeczny kraina.
115,294,2025-10-02,Rada trochę wiadomość daleko los numer szukać klasa znosić miękki.
116,23,2025-10-11,Natura drużyna dać się plaża zima piękny pustynia zobaczyć sprzedaż informacja.
117,259,2025-10-09,Wolność ochrona plac odcień Afganistan archipelag rozwiązanie cień pomóc.
118,272,2026-01-09,Kalendarz zawód osobisty japoński łatwy wynik fotografia herb abugida dokładny żaden.
119,51,2026-01-24,Europa rejon modlitwa różny but z krwi i kości koń szacunek kostka istota zwyczaj ku iść wcześnie pijany sos.
120,124,2025-10-22,Chłopiec nie Niemcy nie- umowa żelazo płaski prawo promień plecy akcja prawie siostra 1000 Słońce.
